{
  "bf16-noise seed0": {
    "total_flips": 10,
    "near_tie": 10,
    "clear": 0,
    "per_prompt": {
      "1": {
        "n_flip": 1,
        "near_tie": 1,
        "clear": 0,
        "median_div": 0.013705799356102943,
        "max_div": 0.2845343351364136,
        "flip_rows": [
          4
        ],
        "flips_by_phase": {
          "0": 0,
          "1": 0,
          "2": 0,
          "3": 0,
          "4": 1,
          "5": 0,
          "6": 0,
          "7": 0,
          "8": 0,
          "9": 0
        },
        "target_div": 0.04282188415527344
      },
      "2": {
        "n_flip": 6,
        "near_tie": 6,
        "clear": 0,
        "median_div": 0.011897480115294456,
        "max_div": 0.24098709225654602,
        "flip_rows": [
          6,
          14,
          22,
          32,
          50,
          60
        ]
      },
      "3": {
        "n_flip": 3,
        "near_tie": 3,
        "clear": 0,
        "median_div": 0.010751180350780487,
        "max_div": 0.04654921218752861,
        "flip_rows": [
          106,
          120,
          158
        ]
      }
    }
  },
  "bf16-noise seed1": {
    "total_flips": 10,
    "near_tie": 10,
    "clear": 0,
    "per_prompt": {
      "1": {
        "n_flip": 0,
        "near_tie": 0,
        "clear": 0,
        "median_div": 0.015996482223272324,
        "max_div": 0.366152822971344,
        "flip_rows": [],
        "flips_by_phase": {
          "0": 0,
          "1": 0,
          "2": 0,
          "3": 0,
          "4": 0,
          "5": 0,
          "6": 0,
          "7": 0,
          "8": 0,
          "9": 0
        },
        "target_div": 0.23472383618354797
      },
      "2": {
        "n_flip": 6,
        "near_tie": 6,
        "clear": 0,
        "median_div": 0.01196296140551567,
        "max_div": 0.18194891512393951,
        "flip_rows": [
          6,
          14,
          22,
          32,
          60,
          84
        ]
      },
      "3": {
        "n_flip": 4,
        "near_tie": 4,
        "clear": 0,
        "median_div": 0.010992215014994144,
        "max_div": 0.08357381075620651,
        "flip_rows": [
          7,
          86,
          106,
          134
        ]
      }
    }
  },
  "bf16-noise seed2": {
    "total_flips": 8,
    "near_tie": 8,
    "clear": 0,
    "per_prompt": {
      "1": {
        "n_flip": 1,
        "near_tie": 1,
        "clear": 0,
        "median_div": 0.02194153144955635,
        "max_div": 0.42017862200737,
        "flip_rows": [
          4
        ],
        "flips_by_phase": {
          "0": 0,
          "1": 0,
          "2": 0,
          "3": 0,
          "4": 1,
          "5": 0,
          "6": 0,
          "7": 0,
          "8": 0,
          "9": 0
        },
        "target_div": 0.09070763736963272
      },
      "2": {
        "n_flip": 6,
        "near_tie": 6,
        "clear": 0,
        "median_div": 0.011252077296376228,
        "max_div": 0.1441541165113449,
        "flip_rows": [
          12,
          14,
          32,
          50,
          76,
          84
        ]
      },
      "3": {
        "n_flip": 1,
        "near_tie": 1,
        "clear": 0,
        "median_div": 0.010964486747980118,
        "max_div": 0.09513524174690247,
        "flip_rows": [
          120
        ]
      }
    }
  },
  "FP8 E4M3 weights": {
    "total_flips": 16,
    "near_tie": 13,
    "clear": 3,
    "per_prompt": {
      "1": {
        "n_flip": 1,
        "near_tie": 1,
        "clear": 0,
        "median_div": 0.0373472198843956,
        "max_div": 0.35962942242622375,
        "flip_rows": [
          4
        ],
        "flips_by_phase": {
          "0": 0,
          "1": 0,
          "2": 0,
          "3": 0,
          "4": 1,
          "5": 0,
          "6": 0,
          "7": 0,
          "8": 0,
          "9": 0
        },
        "target_div": 0.14084407687187195
      },
      "2": {
        "n_flip": 7,
        "near_tie": 5,
        "clear": 2,
        "median_div": 0.03756570443511009,
        "max_div": 0.3702368140220642,
        "flip_rows": [
          3,
          12,
          22,
          32,
          40,
          50,
          60
        ]
      },
      "3": {
        "n_flip": 8,
        "near_tie": 7,
        "clear": 1,
        "median_div": 0.03373685106635094,
        "max_div": 0.20550648868083954,
        "flip_rows": [
          45,
          92,
          103,
          106,
          108,
          120,
          195,
          254
        ]
      }
    }
  },
  "FP8 E4M3 weights+activations": {
    "total_flips": 17,
    "near_tie": 11,
    "clear": 6,
    "per_prompt": {
      "1": {
        "n_flip": 2,
        "near_tie": 1,
        "clear": 1,
        "median_div": 0.04930533468723297,
        "max_div": 0.45220184326171875,
        "flip_rows": [
          1,
          4
        ],
        "flips_by_phase": {
          "0": 0,
          "1": 1,
          "2": 0,
          "3": 0,
          "4": 1,
          "5": 0,
          "6": 0,
          "7": 0,
          "8": 0,
          "9": 0
        },
        "target_div": 0.35150039196014404
      },
      "2": {
        "n_flip": 7,
        "near_tie": 5,
        "clear": 2,
        "median_div": 0.044403575360774994,
        "max_div": 0.47068536281585693,
        "flip_rows": [
          6,
          22,
          40,
          72,
          76,
          80,
          86
        ]
      },
      "3": {
        "n_flip": 8,
        "near_tie": 5,
        "clear": 3,
        "median_div": 0.04414593428373337,
        "max_div": 0.3356970250606537,
        "flip_rows": [
          45,
          92,
          101,
          103,
          117,
          120,
          155,
          162
        ]
      }
    }
  }
}